nombre,SARE,descripcion,municipio_id
SERVICIOS RELACIONADOS CON LAS ACTIVIDADES AGROPECUARIAS Y FORESTALES,1,"Dedicada a proporcionar servicios de apoyo a las actividades agropecuarias y forestales, como servicios de administración, alquiler de maquinaria y equipo con o sin operador utilizado en las actividades agropecuarias y forestales, servicios agrícolas, antes, durante y después de la cosecha ",Toluca
VENTA AL POR MENOR POR COMISIÓN Y CONSIGNACIÓN  ,1,"Dedicada a la venta al por menor de productos de consumo final, propiedad de terceros a cambio de una comisión ",Toluca
SERVICIO DE MUDANZAS,1,"Dedicada principalmente a proporcionar el servicio de mudanzas (transporte de enseres domésticos, equipo de oficina y comercial), hecho por lo regular en camiones, independientemente de la distancia recorrida ",Toluca
SERVICIO DE TAXI Y LIMUSINAS,1,Limusinas - Dedicada principalmente  a proporcionar el servicio de  transporte de pasajeros en limusinas y carruajes ,Toluca
TRANSPORTE ESCOLAR Y DE PERSONAL,1,"Dedicada principalmente a proporcionar el servicio de  transporte de escolares (de su casa a la escuela y viceversa), de empleados y obreros (de algún sitio establecido al centro laboral y viceversa) ",Toluca
ALQUILER DE AUTOBUSES CON CHOFER,1,Dedicada principalmente a proporcionar el servicio de alquiler de autobuses con chofer para el transporte de personas ,Toluca
ALQUILER DE TRANSPORTE TERRESTRE DE PASAJEROS,1,"Dedicada principalmente a proporcionar el servicio de  alquiler de transporte de pasajeros en camiones de redilas, en vehículos de tracción humana o animal ",Toluca
TRANSPORTE TURÍSTICO ,1,"Dedicada principalmente a proporcionar el servicio de  transporte turístico por tierra, agua o aire  Una característica general de este tipo de transporte es que el lugar de salida y llegada de los pasajeros es el mismo y la mayoría de las veces son recorridos de ida y vuelta en un solo día ",Toluca
TRANSPORTE TURÍSTICO POR TIERRA ,1,"Dedicada principalmente a proporcionar el servicio de  transporte turístico terrestre, carruajes, calandrias y autobuses ",Toluca
SERVICIOS DE AGENCIAS ADUANALES ,1,Dedicada a proporcionar el servicio de tramitación y asesoría para la importación y exportación de mercancías ,Toluca
ASESORÍA EN INVERSIONES,1,Dedicada a proporcionar servicios de asesoría en inversiones en el mercado de valores ,Toluca
COMPAÑÍA AFIANZADORA,1,"Dedicada a avalar y responder a títulos onerosos por acciones de responsabilidad penal o civil del afianzado, estos títulos constituyen un seguro, garantía o cobertura en caso de incumplimiento del afianzado ",Toluca
AGENTES AJUSTADORES Y GESTORES DE SEGUROS Y FIANZAS,1,"Dedicada a la colocación o venta directa al público de contratos o pólizas de seguros o fianzas, y a la realización de ajustes y gestiones del seguro en caso de siniestro ",Toluca
INMOBILIARIAS Y CORREDORES DE BIENES RAÍCES,1,Dedicadas a la compra-venta de bienes raíces y al alquiler de inmuebles en nombre de terceros ,Toluca
SERVICIOS DE ALQUILER DE INMUEBLES,1,"Dedicada a proporcionar servicios como cobro de rentas, pago de impuestos, promoción, consultoría inmobiliaria, supervisión y contratación de mantenimiento y seguridad para el buen funcionamiento de los inmuebles ",Toluca
ALQUILER DE AUTOMÓVILES CON O SIN CHOFER ,1,Dedicada a proporcionar el servicio de  alquiler de automóviles con o sin chofer ,Toluca
"ALQUILER DE CAMIONES DE CARGA, AUTOBUSES Y REMOLQUES CON O SIN CHOFER ",1,"Dedicada a proporcionar el servicio de  alquiler de autobuses, minibuses, camiones de carga, remolques, trailers y tractocamiones ",Toluca
"ALQUILER DE AUTOBUSES, MINIBUSES Y REMOLQUES CON O SIN CHOFER ",1,"Dedicada a proporcionar el servicio de  alquiler de autobuses, minibuses y remolques con o sin chofer ",Toluca
ALQUILER DE APARATOS ELÉCTRICOS Y ELECTRÓNICOS PARA EL HOGAR Y PERSONALES,1,"Dedicada a proporcionar el servicio de  alquiler de aparatos eléctricos y electrónicos para el hogar como: televisores, equipos modulares, lavadoras, secadoras y  refrigeradores ",Toluca
ALQUILER DE MAQUINARIA PARA CONSTRUCCIÓN MINERÍA Y ACTIVIDADES FORESTALES,1,"Dedicada a proporcionar el servicio de  alquiler de maquinaria con o sin operador para la construcción, la minería y las actividades forestales, como cribadoras, demoledoras, excavadoras, mezcladoras, revolvedoras, perforadoras, barrenadoras, grúas para la construcción, sierras para corte de árboles y transportadores de bienes silvicolas ",Toluca
ALQUILER DE TRANSPORTE AÉREO,1,Dedicada a proporcionar el servicio de  alquiler de transporte aéreo con o sin operador  ,Toluca
ALQUILER DE MARCAS REGISTRADAS PATENTES Y FRANQUICIAS,1,"Dedicada a proporcionar los servicios para el trámite de  alquiler de marcas registradas, patentes, franquicias y nombres comerciales, para su explotación",Toluca
BUFETES JURÍDICOS,1,"Dedicada a proporcionar, mediante profesionistas en derecho, servicios legales de asesoría, representación y defensa de los intereses de una parte en litigio ante tribunales u otras entidades en las diferentes áreas del derecho (penal, civil, fiscal, mercantil, laboral, internacional), protección de derechos de autor y patentes ",Toluca
NOTARÍAS PÚBLICAS,1,"Dedicada a dar fe pública de diversos actos extrajudiciales, como formulación de contratos de compra-venta de inmuebles, de arrendamiento, testamentos y cesión de poderes ",Toluca
APOYO PARA EFECTUAR TRÁMITES LEGALES,1,"Dedicada a proporcionar servicios de apoyo para efectuar trámites legales, como representar a autoridades para entregar citatorios, tramitar registros de derechos de autor, patentes y marcas  ",Toluca
CONTABILIDAD Y AUDITORIA  DESPACHOS CONTABLES,1,"Dedicada a proporcionar servicios de contabilidad, auditoria y asesoría contable, fiscal, servicios técnicos de contabilidad como: cálculo de impuestos, elaboración de nóminas y llenado de formatos fiscales ",Toluca
ARQUITECTURA,1,Dedicada a proporcionar servicios de arquitectura ,Toluca
ARQUITECTURA DE PAISAJE Y URBANISMO,1,Dedicada a proporcionar el servicio de  arquitectura de paisaje y  urbanismo ,Toluca
INGENIERÍA,1,"Dedicada principalmente a proporcionar los servicios de ingeniería (civil, mecánica, electrónica, química y en procesos de producción) ",Toluca
DIBUJO,1,"Dedicada principalmente a proporcionar servicios de dibujo, que muestran la distribución o arreglo de especificaciones de arquitectura, planos e ilustraciones de edificios, estructuras y sistemas arquitectónicos o de ingeniería ",Toluca
INSPECCIÓN DE EDIFICIOS,1,"Dedicada principalmente a proporcionar el servicio de  inspección de la estructura y de los sistemas (mecánicos, eléctricos e hidráulicos) de construcciones ",Toluca
LEVANTAMIENTO GEOFÍSICO,1,"Dedicada proporcionar el servicio de levantamiento geofísico a fin de  obtener, interpretar, procesar y plasmar en un mapa datos geofísicos ",Toluca
ELABORACIÓN DE MAPAS,1,"Dedicada a proporcionar los servicios de  elaboración de mapas (hidrológicos, de climas,  uso del suelo, turísticos y de carreteras)  ",Toluca
DISEÑO INDUSTRIAL,1,"Dedicada a proporcionar los servicios de  la creación y desarrollo de diseños para optimizar el uso, valor y apariencia de productos, como maquinaria, muebles, automóviles y herramientas ",Toluca
DISEÑO GRÁFICO,1,"Dedicada a proporcionar servicios para planear y diseñar la producción de comunicación visual en mensajes o conceptos específicos, clarificando información compleja o proyectos visuales de identidad ",Toluca
CONSULTORÍA EN COMPUTACIÓN,1,"Dedicada a proporcionar servicios en el campo de las tecnologías de información, a través de actividades como planeación y diseño de sistemas de cómputo que se integran  por hardware y software, así como tecnologías de comunicación",Toluca
CONSULTORÍA EN ADMINISTRACIÓN,1,"Dedicado principalmente a proporcionar los servicios de consultoría en administración general, financiera, organizacional y de recursos humanos ",Toluca
CONSULTORÍA EN MEDIO AMBIENTE,1,"Dedicada a proporcionar los servicios de  consultoría en medio ambiente  como: la  contaminación del medio ambiente, manejo de substancias y materiales peligrosos, calidad del agua, contaminación de asbestos, remediación y legislación para proteger el medio ambiente ",Toluca
CONSULTORÍA CIENTÍFICA Y TÉCNICA,1,"Dedicada a proporcionar los servicios de consultoría científica y técnica en biología, química, economía, sociología, estadística, matemáticas, física, agricultura, desarrollos turísticos, seguridad, comercio exterior, desarrollo industrial y a otros servicios de consultoría científica ",Toluca
AGENCIA DE PUBLICIDAD,1,"Dedicada principalmente a proporcionar servicios de asesoría, diseño y difusión de campañas publicitarias en medios masivos de comunicación como: radio, televisión y medios impresos  Contando en todos los casos con los permisos correspondientes ",Toluca
AGENCIA DE RELACIONES PÚBLICAS,1,"Dedicada a proporcionar el servicio de  diseño e implementación de campañas de relaciones públicas, para promover los intereses y mejorar la imagen de sus clientes  Contando en todos los casos con los permisos correspondientes ",Toluca
ANUNCIOS PUBLICITARIOS ,1,"Dedicada  principalmente a proporcionar el servicio de la renta de espacios publicitarios (en tableros, paneles, vehículos de transporte, en áreas comunes de estaciones de tránsito, en mobiliario urbano) para colocar anuncios publicitarios (como carteles, anuncios pintados, eléctricos y electrónicos)  Contando en todos los casos con los permisos correspondientes ",Toluca
PUBLICIDAD QUE OPERAN POR CORREO DIRECTO ,1,"Dedicada principalmente a proporcionar el servicios de diseño y ejecución de campañas publicitarias, con el propósito de distribuir material publicitario (folletos, volantes, catálogos, cupones) por correo directo u otra distribución directa, contando en todos los casos con los permisos correspondientes ",Toluca
AGENCIA DE PUBLICIDAD QUE OPERAN POR CORREO DIRECTO,1,"Dedicada  principalmente a proporcionar el servicio de la renta de espacios publicitarios (en tableros, paneles, vehículos de transporte, en áreas comunes de estaciones de tránsito, en mobiliario urbano) para colocar anuncios publicitarios (como carteles, anuncios pintados, eléctricos y electrónicos)  Contando en todos los casos con los permisos correspondientes ",Toluca
INVESTIGACIÓN DE MERCADOS Y ENCUESTAS DE OPINIÓN PÚBLICA,1,"Dedicada principalmente a proporcionar el servicio de recolectar y procesar información sobre posibilidades de comercialización, impacto de la publicidad, hábitos de compra, detección de necesidades del mercado, datos de opinión pública ",Toluca
ADMINISTRACIÓN DE NEGOCIOS,1,"Dedicada a proporcionar servicios de apoyo a los negocios (como servicios de administración de negocios, contratación y colocación de personal, preparación de documentos, recepción de llamadas telefónicas, cobranza, organización de viajes, vigilancia y seguridad, limpieza de edificios, empacado y etiquetado de productos) para facilitar las operaciones diarias de éstos ",Toluca
SERVICIOS COMBINADOS DE APOYO EN INSTALACIONES,1,"Dedicada a proporcionar servicio personal para llevar a cabo de manera combinada servicios de mantenimiento como: limpieza, recolección de basura, seguridad y lavandería ",Toluca
AGENCIA DE COLOCACIÓN,1,"Dedicada a proporcionar el servicio de  reclutamiento, selección y colocación de personal ",Toluca
AGENCIA DE EMPLEO TEMPORAL,1,Dedicada a proveer personal propio (contratado con ellas) a otros inmuebles para que temporalmente sustituya o apoye al personal del mismo contratante del servicio  ,Toluca
SUMINISTRO DE PERSONAL PERMANENTE,1,Dedicada a proveer personal propio (contratado con ellas) a otros inmuebles para que trabaje permanentemente,Toluca
RECEPCIÓN DE LLAMADAS TELEFÓNICAS Y PROMOCIÓN POR TELÉFONO,1,Dedicada a la recepción de llamadas telefónicas a nombre de los clientes y a la promoción por teléfono de productos o servicios ,Toluca
AGENCIA DE COBRANZA,1,Dedicada a proporcionar servicios de cobro de deudas en nombre del cliente ,Toluca
DESPACHO DE INVESTIGACIÓN DE SOLVENCIA FINANCIERA,1,Dedicada a proporcionar servicios de investigación y recopilación de información sobre la solvencia financiera de personas o negocios ,Toluca
AGENCIA DE VIAJES,1,"Dedicada a proporcionar servicios de asesoría, planeación y organización de itinerarios de viajes ",Toluca
SERVICIO  DE RESERVACIONES,1,"Dedicada a realizar el servicio de reservaciones en hoteles, restaurantes, líneas de transporte y espectáculos  ",Toluca
ORGANIZADORES DE CONVENCIONES Y FERIAS COMERCIALES E INDUSTRIALES,1,Dedicado a proporcionar los servicios de organización y promoción de convenciones y ferias comerciales e industriales ,Toluca
APOYO A LA EDUCACIÓN,1,"Dedicada a proporcionar servicios de apoyo a la educación de nivel elemental y básico, como servicios didácticos o pedagógicos y de consultoría educativa",Toluca
SERVICIOS GENERALES DE ORIENTACIÓN Y TRABAJO SOCIAL,1,"Dedicada a proporcionar servicios de orientación sobre planificación familiar sin atención médica, atención psicoprofiláctica y servicios de orientación ",Toluca
COMPAÑÍAS DE DANZA,1,Dedicada principalmente a proporcionar servicios de producción y presentación de espectáculos de danza ,Toluca
CANTANTES Y GRUPOS MUSICALES,1,"Compañía representante dedicada  principalmente a proporcionar servicios de  producción y presentación de espectáculos musicales, como sinfónicas, filarmónicas, bandas, orquestas, grupos o solistas que trabajan por cuenta propia como cantantes o músicos  ",Toluca
COMPAÑÍAS Y GRUPOS DE ESPECTÁCULOS ARTÍSTICOS,1,"Dedicada principalmente a proporcionar servicios de producción y presentación de espectáculos circenses, de magia y patinaje ",Toluca
PROMOTORES DE ESPECTÁCULOS ARTÍSTICOS Y DEPORTIVOS,1,Oficina dedicada a proporcionar servicios de la promoción de espectáculos artísticos y deportivos  ,Toluca
AGENTES Y REPRESENTANTES DE ARTISTAS Y DEPORTISTAS,1,"Administradores dedicados a proporcionar servicios de representación que implica,  actividades financieras, de negociación contractual, organización y promoción de la carrera de los representados, ya sean artistas, figuras públicas,  deportivas, y/o entrenadores ",Toluca
ARTISTAS Y TÉCNICOS INDEPENDIENTES,1,"Establecimiento dedicado a proporcionar servicios de creación y producción por cuenta propia, de trabajos artísticos y culturales o a proveer la experiencia técnica necesaria para realizar dichos trabajos, como actores, bailarines, magos, acróbatas, pintores, escultores, caricaturistas, diseñadores de vestuario teatral, camarógrafos, coreógrafos, productores, fotógrafos artísticos y locutores  ",Toluca
ASOCIACIONES Y ORGANIZACIONES,1,Dedicada a proporcionar servicios de  representación y defensa de los intereses de los trabajadores afiliados a ellas ,Toluca
ASOCIACIONES Y ORGANIZACIONES DE PROFESIONISTAS,1,Dedicada a proporcionar servicios de  promoción y representación de los intereses de los profesionistas afiliados a ellas  ,Toluca
OFICINAS COMERCIALES  DE EDICIÓN DE SOFTWARE,1,"Establecimiento dedicado principalmente a la edición de software, como programas informáticos de procesamiento de textos, juegos didácticos, hojas de cálculo ",Toluca
OFICINAS COMERCIALES DE PROCESAMIENTO ELECTRÓNICO DE INFORMACIÓN HOSPEDAJE DE PÁGINAS WEB Y OTROS SERVICIOS RELACIONADOS,1,"Establecimiento dedicado principalmente a proporcionar servicios de procesamiento electrónico de información, como procesamiento de datos ",Toluca
EXPENDIO DE ABARROTES Y/O MISCELÁNEA,1,"Establecimiento dedicado al comercio de abarrotes, como refrescos, galletas y productos enlatados de consumo humano ",Toluca
EXPENDIO DE FRUTAS Y LEGUMBRES FRESCAS,1,Establecimiento dedicado principalmente al comercio de frutas y verduras frescas ,Toluca
EXPENDIO DE HUEVO,1,Establecimiento dedicado principalmente al comercio de huevo de gallina y de otras aves ,Toluca
EXPENDIO DE SEMILLAS Y GRANOS ALIMENTICIOS ESPECIAS Y CHILES SECOS,1,"Establecimiento dedicado principalmente al comercio de semillas y granos alimenticios, frutas secas, chiles secos y especias (clavo, pimienta, azafrán, comino, nuez moscada, canela) ",Toluca
EXPENDIO DE PRODUCTOS LÁCTEOS,1,"Establecimiento dedicado principalmente al comercio de leche envasada en sus diferentes presentaciones y otros productos lácteos, como crema, mantequilla, yogurt  y queso ",Toluca
EXPENDIO DE CARNES FRÍAS Y EMBUTIDOS,1,"Establecimiento  dedicado principalmente al comercio de embutidos, como chorizo, salchicha, longaniza, mortadela,  jamón y queso de puerco  ",Toluca
EXPENDIO DE DULCES Y MATERIAS PRIMAS PARA REPOSTERÍA,1,"Establecimiento dedicado principalmente al comercio de dulces, chocolates, bombones, frutas secas, dulces regionales y materias primas usadas en la elaboración de productos de repostería, como saborizantes, conservadores y esencias  ",Toluca
EXPENDIO DE PAN Y PASTELES,1,Establecimiento dedicado principalmente al comercio de pan y  pasteles ,Toluca
EXPENDIO DE BOTANAS Y FRITURAS,1,"Establecimiento dedicado principalmente al comercio de botanas y frituras, como papas fritas, chicharrones de harina y de cerdo, tostadas, cacahuates, semillas fritas, fruta seca y  palomitas de maíz ",Toluca
EXPENDIO DE CONSERVAS ALIMENTICIAS,1,"Establecimiento dedicado principalmente al comercio de conservas alimenticias, envasado en salmuera, encurtidos, productos alimenticios congelados, en almíbar, en aceite y purés  ",Toluca
DEPÓSITO DE REFRESCOS AGUA EMBOTELLADA Y HIELO,1,"Establecimiento dedicado al comercio de refrescos, jugos envasados, agua embotellada pura o mineralizada y hielo ",Toluca
COMERCIALIZADORA DE FIBRAS HILOS Y TELAS,1,"Establecimiento dedicado al comercio de fibras (naturales, químicas y sintéticas), hilos y telas para la confección de prendas de vestir y la decoración en general  ",Toluca
COMERCIALIZADORA DE BLANCOS,1,"Establecimiento dedicado principalmente al comercio de blancos, como manteles, toallas, sábanas, almohadas, cojines, servilletas, cobertores, colchas, cobijas, carpetas, cortinas terminadas, edredones y fundas para electrodomésticos ",Toluca
COMERCIALIZADORA DE TEXTILES,1,"Establecimiento dedicado principalmente al comercio de etiquetas, banderas, estandartes, cordones, cierres, pasamanería, cuero, pieles, productos tejidos de fibras naturales duras, productos de pelo natural o sintético ",Toluca
COMERCIALIZADORA DE PRENDAS DE VESTIR ROPA,1,Establecimiento dedicado principalmente al comercio de ropa  ,Toluca
DISTRIBUIDORA DE CALZADO,1,Establecimiento dedicado principalmente al comercio de calzado  ,Toluca
COMERCIALIZADORA DE ARTÍCULOS DE PAPELERÍA,1,"Establecimiento dedicado al comercio de artículos de papelería, para uso escolar y de oficina ",Toluca
COMERCIALIZADORA DE LIBROS,1,Establecimiento dedicado al comercio de libros  ,Toluca
DISTRIBUIDORA DE REVISTAS Y PERIÓDICOS,1,Establecimiento dedicado al comercio de revistas y periódicos  ,Toluca
TIENDA DE ABARROTES Y/O MISCELÁNEA,1,"Establecimiento dedicado al comercio al por menor de abarrotes, como: refrescos, galletas y productos enlatados ",Toluca
RECAUDERÍA,1,Establecimiento dedicado principalmente al comercio de frutas y verduras frescas ,Toluca
VENTA DE HUEVO,1,Establecimiento dedicado principalmente al comercio  de huevos de gallina y de otras aves de corral ,Toluca
COMERCIO DE SEMILLAS Y GRANOS ALIMENTICIOS ESPECIAS Y CHILES SECOS,1,"Establecimiento dedicado al comercio al por menor de semillas y granos alimenticios, especias, condimentos y chiles secos ",Toluca
VENTA DE LÁCTEOS Y CARNES FRÍAS,1,"Establecimiento dedicado al comercio de leche procesada, otros productos lácteos (como queso, crema, mantequilla, yogurt) y todo tipo de embutidos (chorizo, salchicha, longaniza, jamón, mortadela y queso de puerco) ",Toluca
VENTA DE DULCES Y MATERIAS PRIMAS PARA REPOSTERÍA,1,"Establecimiento dedicado al comercio de dulces, chocolates, chicles, polvos para gelatinas, saborizantes, colorantes y otras materias primas usadas en la elaboración de alimentos como: conservadores, esencias  ",Toluca
PANADERÍA Y PASTELERÍA,1,"Establecimiento dedicado al comercio de pan, pasteles, repostería fina como: galletas, empanadas, bocadillos, gelatinas y miel ",Toluca
VENTA DE REFRESCOS AGUA EMBOTELLADA Y HIELO EMPAQUETADO,1,"Establecimiento dedicado al comercio de refrescos, jugos y néctares envasados, hielo empaquetado, agua embotellada purificada o mineralizada (de origen) ",Toluca
BOUTIQUE Y/O VENTA DE ROPA NUEVA TEXTIL,1,Establecimiento dedicado al comercio de ropa nueva  ,Toluca
BOUTIQUE Y/O VENTA DE ROPA NUEVA DE CUERO Y PIEL,1,"Establecimiento dedicado al comercio de ropa de cuero, piel, materiales sucedáneos (chamarras, chalecos, faldas) y otros artículos de estos materiales como: bolsas, portafolios, maletas, cinturones, guantes y carteras ",Toluca
ZAPATERÍAS,1,Establecimiento dedicado principalmente al comercio de calzado ,Toluca
VENTA DE PRODUCTOS FARMACÉUTICOS FARMACIAS,1,Establecimiento dedicado a la venta de productos farmacéuticos de patente ,Toluca
VENTA DE MEDICAMENTO HOMEÓPATA,1,Establecimiento dedicado a la venta de productos farmacéuticos homeópatas ,Toluca
FARMACIA SIN MINISÚPER,1,"Establecimiento dedicado al comercio de medicamentos de patente  y de preparaciones químicas realizadas en el establecimiento comercializador, para consumo humano ",Toluca
VENTA DE PRODUCTOS NATURISTAS Y COMPLEMENTOS ALIMENTICIOS,1,"Establecimiento dedicado al comercio de productos naturistas (alimentos, hierbas medicinales, cosméticos, cremas a base de productos naturales) y complementos alimenticios ",Toluca
VENTA DE ARTÍCULOS DE PAPELERÍA,1,"Establecimiento dedicado principalmente al comercio de artículos de papelería, como: cuadernos, plumas, gomas, lápices y cartulinas ",Toluca
LIBRERÍAS,1,Establecimiento dedicado principalmente al comercio de libros ,Toluca
VENTA DE PERIÓDICOS Y REVISTAS,1,Establecimiento dedicado al comercio de periódicos y revistas ,Toluca
COMERCIO DE PRODUCTOS ESPECIALIZADOS DE  ARTÍCULOS DE PERFUMERÍA,1,"Establecimiento dedicado al comercio de perfumes, colonias, lociones, esencias, cosméticos y otros artículos de belleza como: peines, espejos, rizadores, uñas postizas, limas y  ceras depiladoras ",Toluca
COMERCIO DE PRODUCTOS ESPECIALIZADOS DE:ARTÍCULOS DE JOYERÍA Y ACCESORIOS DE VESTIR,1,"Establecimiento dedicado al comercio de joyas finas, bisutería, piedras preciosas, relojes y otros accesorios de vestir como: cinturones, sombreros, bolsas y artículos para cabello  ",Toluca
COMERCIO DE PRODUCTOS ESPECIALIZADOS DE JUGUETES,1,"Establecimiento dedicado al comercio de juguetes, bicicletas, triciclos y refacciones de los mismos ",Toluca
COMERCIO DE PRODUCTOS ESPECIALIZADOS DE ARTÍCULOS Y APARATOS DEPORTIVOS,1,"Establecimiento dedicado al comercio de artículos y aparatos para gimnasios,  centros deportivos, artículos para pesca, cacería, campismo y uniformes deportivos ",Toluca
COMERCIO DE PRODUCTOS ESPECIALIZADOS DE ELECTRODOMÉSTICOS MENORES Y APARATOS DE LÍNEA BLANCA,1,"Establecimiento dedicado al comercio de televisores, estéreos, lavadoras, estufas, refrigeradores, máquinas de coser y aparatos de línea blanca  ",Toluca
COMERCIO DE PRODUCTOS ESPECIALIZADOS DE MATERIAS PRIMAS AGROPECUARIAS,1,"Establecimiento dedicado al comercio de materias primas para uso agrícola, pecuario y forestal, como: fertilizantes, abonos y  plaguicidas",Toluca
COMERCIO DE PRODUCTOS ESPECIALIZADOS DE MEDICAMENTOS VETERINARIOS Y ALIMENTOS PARA ANIMALES,1,Establecimiento dedicado al comercio de alimentos preparados para animales y medicamentos veterinarios ,Toluca
COMERCIO DE PRODUCTOS ESPECIALIZADOS DE MATERIAS PRIMAS PARA OTRAS INDUSTRIAS,1,"Establecimiento dedicado al comercio de materias primas para la industria en general (alimentaria, del mueble, del vidrio y del metal)  ",Toluca
COMERCIO DE PRODUCTOS ESPECIALIZADOS DE EQUIPO Y MATERIAL ELÉCTRICO,1,"Establecimiento dedicado al comercio de equipo y material eléctrico para alta y baja tensión, como motores eléctricos, transformadores, generadores, acumuladores, baterías y material para instalaciones eléctricas e iluminación ",Toluca
COMERCIO DE PRODUCTOS ESPECIALIZADOS DE  VIDRIOS Y ESPEJOS,1,"Establecimiento dedicado al comercio de vidrio (laminado, templado, esmerilado, gravado), espejos y vitrales ",Toluca
COMERCIO DE PRODUCTOS ESPECIALIZADOS DE EQUIPO DE TELECOMUNICACIONES FOTOGRAFÍA Y CINEMATOGRAFÍA,1,"Establecimiento dedicado al comercio de aparatos de telefonía, fax, radiocomunicación, cámaras profesionales, semiprofesionales de captación de imágenes, así como instrumentos, accesorios fotográficos y cinematográficos ",Toluca
COMERCIO DE PRODUCTOS ESPECIALIZADOS DE ARTÍCULOS Y ACCESORIOS PARA DISEÑO Y PINTURA ARTÍSTICA,1,"Establecimiento dedicado al comercio de artículos para dibujo técnico y artístico, artículos para ingeniería, arquitectura, y material para artes gráficas  ",Toluca
COMERCIO DE PRODUCTOS ESPECIALIZADOS DE MOBILIARIO EQUIPO E INSTRUMENTAL MÉDICO Y DE LABORATORIO,1,"Establecimiento dedicado al comercio de muebles, equipo, material e instrumental para uso médico, odontológico, oftálmico y para laboratorio  ",Toluca
COMERCIO DE PRODUCTOS ESPECIALIZADOS DE MAQUINARIA Y EQUIPO PARA SERVICIOS Y ACTIVIDADES DEL RAMO COMERCIAL,1,"Establecimiento dedicado al comercio como: rebanadoras, básculas, refrigeradores comerciales, estantería y vitrinas ",Toluca
COMERCIO DE PRODUCTOS ESPECIALIZADOS DE MAQUINARIA Y EQUIPO PARA SERVICIOS Y ACTIVIDADES PARA LA INDUSTRIA RESTAURANTERA Y ALIMENTICIA,1,"Establecimiento dedicado al ramo como: parrillas, asadores, hornos, quemadores, baterías para restaurantes y  molinos de tortillerías",Toluca
COMERCIO DE PRODUCTOS ESPECIALIZADOS DE MAQUINARIA Y EQUIPO PARA SERVICIOS,1,"Establecimiento dedicado al comercio de maquinaria y equipo para salas de belleza, peluquerías y spa ",Toluca
COMERCIO DE PRODUCTOS ESPECIALIZADOS DE EQUIPO Y ACCESORIOS DE CÓMPUTO,1,"Establecimiento dedicado al comercio de computadoras, equipo periférico, equipo de redes, consumibles como: papel para impresora, discos duros y flexibles, cintas para impresoras, toner, accesorios y refacciones ",Toluca
COMERCIO DE PRODUCTOS ESPECIALIZADOS DE MOBILIARIO Y EQUIPO DE OFICINA,1,"Establecimiento dedicado al comercio de mobiliario y equipo de oficina, como: escritorios, archiveros, máquinas de escribir, calculadoras, engargoladoras, máquinas contadoras de billetes, proyectores y  máquinas verificadoras de billetes  ",Toluca
COMERCIO DE PRODUCTOS ESPECIALIZADOS DE MAQUINARIA Y EQUIPO DE USO GENERAL,1,"Establecimiento dedicado al comercio de equipo para soldar, equipo y ropa industrial de alta seguridad, patines de carga, gatos hidráulicos, tanques estacionarios de gas (vacios) y contenedores de uso industrial  ",Toluca
COMERCIO DE PRODUCTOS ESPECIALIZADOS DE TELAS,1,Establecimiento dedicado principalmente al comercio de telas ,Toluca
COMERCIO DE PRODUCTOS ESPECIALIZADOS DE BLANCOS,1,"Establecimiento dedicado al comercio de blancos como:  manteles, toallas, sábanas almohadas, cojines, servilletas, cobertores, colchas, cobijas, carpetas, cortinas terminadas y edredones ",Toluca
COMERCIO DE PRODUCTOS ESPECIALIZADOS DE ARTÍCULOS DE MERCERÍA Y BONETERÍA,1,"Establecimiento dedicados principalmente al comercio de artículos de mercería como: cierres, encajes, hilos, estambres, hilazas y botones ",Toluca
COMERCIO DE PRODUCTOS ESPECIALIZADOS DE ACTIVIDAD DE MANUALIDADES,1,Establecimiento dedicado principalmente al comercio de productos para la elaboración de accesorios y manualidades diversos,Toluca
COMERCIO DE PRODUCTOS ESPECIALIZADOS DE ROPA Y ACCESORIOS DE VESTIR,1,"Establecimiento dedicado al comercio de ropa nueva, de cuero, piel y de vestir ",Toluca
COMERCIO DE PRODUCTOS ESPECIALIZADOS DE ROPA NUEVA PARA OCASIONES ESPECIALES,1,"Comercio de trajes regionales, disfraces, pieles finas, vestidos para novia y uniformes de gala ",Toluca
COMERCIO DE PRODUCTOS ESPECIALIZADOS DE ACCESORIOS DE VESTIR,1,"Establecimiento dedicado principalmente al comercio de bisutería y accesorios de vestir como: pañoletas, mascadas y guantes ",Toluca
COMERCIO DE PRODUCTOS ESPECIALIZADOS DE PAÑALES DESECHABLES,1,Establecimiento dedicado al comercio de pañales desechables y toallas sanitarias ,Toluca
COMERCIO DE PRODUCTOS ESPECIALIZADOS DE SOMBREROS,1,Establecimiento dedicado al comercio de sombreros ,Toluca
COMERCIO DE PRODUCTOS ESPECIALIZADOS DE LENTES,1,"Establecimiento dedicado al comercio de anteojos graduados y para sol, lentes de contacto y sus accesorios",Toluca
COMERCIO DE PRODUCTOS ESPECIALIZADOS DE APARATOS ORTOPÉDICOS,1,"Establecimiento dedicado al comercio de artículos ortopédicos como: prótesis, muletas, sillas de ruedas y  zapatos ortopédicos ",Toluca
COMERCIO DE PRODUCTOS ESPECIALIZADOS DE ARTÍCULOS DE PERFUMERÍA,1,Establecimiento dedicado al comercio de artículos de perfumería y belleza ,Toluca
COMERCIO DE PRODUCTOS ESPECIALIZADOS DE COSMÉTICOS,1,"Establecimiento dedicado al comercio de artículos de perfumería, cremas, cosméticos y otros artículos de belleza como:  peines, espejos, rizadores, uñas postizas, limas y ceras depiladoras ",Toluca
COMERCIO DE PRODUCTOS ESPECIALIZADOS DE ARTÍCULOS DE JOYERÍA Y RELOJES,1,"Establecimiento dedicado principalmente al comercio de relojes, joyería fina y de artículos decorativos de metales preciosos ",Toluca
COMERCIO DE PRODUCTOS ESPECIALIZADOS DE JUGUETES Y BICICLETAS,1,"Establecimiento dedicado al comercio de juguetes, bicicletas y  triciclos ",Toluca
COMERCIO DE PRODUCTOS ESPECIALIZADOS DE EQUIPO Y MATERIAL FOTOGRÁFICO,1,"Establecimiento dedicado al comercio de equipo y material fotográfico  como: cámaras, trípies, lentes, rollos, papel y productos químicos de revelado para fotografía ",Toluca
COMERCIO DE PRODUCTOS ESPECIALIZADOS DE ARTÍCULOS Y APARATOS DEPORTIVOS,1,"Establecimiento dedicado al comercio de uniformes, artículos deportivos, equipo y accesorios para excursionismo, pesca y caza deportiva ",Toluca
COMERCIO DE PRODUCTOS ESPECIALIZADOS DE INSTRUMENTOS MUSICALES,1,Establecimiento dedicado al comercio de instrumentos musicales ,Toluca
COMERCIO DE PRODUCTOS ESPECIALIZADOS DE  REGALOS,1,"Establecimiento dedicado al comercio de regalos como: tarjetas de felicitaciones para toda ocasión, calcomanías, globos, papel, bolsas y cajas para envolver, moños, muñecos de peluche, cd´s, dulces y chocolates ",Toluca
COMERCIO DE PRODUCTOS ESPECIALIZADOS DE  ARTÍCULOS RELIGIOSOS,1,"Establecimiento dedicado principalmente al comercio de artículos religiosos, como: velas, crucifijos, efigies, Biblias, medallas, oraciones, estampas, accesorios y utensilios para ceremonias religiosas ",Toluca
COMERCIO DE PRODUCTOS ESPECIALIZADOS DE ARTESANÍAS,1,Establecimiento dedicado al comercio de productos típicos de distintas regiones nacionales e internacionales,Toluca
COMERCIO DE PRODUCTOS ESPECIALIZADOS DE TIENDAS IMPORTADORAS,1,Establecimientos dedicados al comercio de una gran variedad de artículos pequeños de origen extranjero ,Toluca
COMERCIO DE PRODUCTOS ESPECIALIZADOS DE ARTÍCULOS DE USO PERSONAL COMPRA-VENTA DE ATAÚDES Y URNAS,1,Establecimiento dedicado al comercio de ataúdes y urnas ,Toluca
COMERCIO DE PRODUCTOS ESPECIALIZADOS DE MUEBLES PARA EL HOGAR Y ENSERES DOMÉSTICOS,1,"Establecimiento dedicado al comercio de muebles para el hogar, enseres electrodomésticos menores, aparatos de línea blanca, cristalería, loza y utensilios de cocina  ",Toluca
COMERCIO DE PRODUCTOS ESPECIALIZADOS DE MUEBLES PARA EL HOGAR,1,"Establecimiento dedicado al comercio de muebles para el hogar como:  salas, comedores, gabinetes, libreros, vitrinas y camas  ",Toluca
COMERCIO DE PRODUCTOS ESPECIALIZADOS DE ENSERES ELECTRODOMÉSTICOS MENORES Y APARATOS DE LÍNEA BLANCA,1,"Establecimiento dedicado al comercio de televisores, estéreos, lavadoras, estufas, refrigeradores, máquinas de coser y aparatos de línea blanca ",Toluca
COMERCIO DE PRODUCTOS ESPECIALIZADOS DE CRISTALERÍA LOZA Y UTENSILIOS DE COCINA,1,"Establecimiento dedicado al comercio de cubiertos, vasos, baterías de cocina, vajillas y piezas sueltas de cristal, cerámica y plástico ",Toluca
COMERCIO DE PRODUCTOS ESPECIALIZADOS EN COMPUTADORAS Y SUS ACCESORIOS,1,"Establecimiento dedicado al comercio de equipo de computo personal y sus accesorios como: impresoras multifuncionales, scaners, ratones, portadisquetes, fundas para computadoras, muebles para computadoras, memorias y cables  ",Toluca
COMERCIO DE PRODUCTOS ESPECIALIZADOS DE TELÉFONOS Y OTROS APARATOS DE COMUNICACIÓN,1,"Establecimiento dedicado  al comercio de aparatos de comunicación como: teléfonos celulares, antenas parabólicas, faxes, interfonos, partes, refacciones y accesorios ",Toluca
COMERCIO DE PRODUCTOS ESPECIALIZADOS DE ARTÍCULOS PARA LA DECORACIÓN DE INTERIORES,1,"Establecimiento dedicado al comercio de artículos para la decoración de interiores como: alfombras, plantas y flores artificiales, antigüedades, obras de arte, lámparas ornamentales y candiles ",Toluca
COMERCIO DE PRODUCTOS ESPECIALIZADOS DE ALFOMBRAS CORTINAS Y TAPICES,1,"Establecimiento dedicado al comercio de alfombras, tapetes, gobelinos, tapices, linóleos, cortinas y persianas ",Toluca
COMERCIO DE PRODUCTOS ESPECIALIZADOS DE ANTIGÜEDADES Y OBRAS DE ARTE,1,"Establecimiento dedicado al comercio de pinturas, esculturas, timbres postales, monedas de colección y figuras de porcelana ",Toluca
COMERCIO DE PRODUCTOS ESPECIALIZADOS DE LÁMPARAS ORNAMENTALES Y CANDILES,1,"Establecimiento dedicado al comercio al por menor de lámparas ornamentales, pantallas para lámparas y candiles ",Toluca
COMERCIO DE PRODUCTOS ESPECIALIZADOS DE ARTÍCULOS DECORATIVOS DE INTERIORES,1,"Establecimiento dedicado al comercio de artículos para el hogar como: figuras de cerámica, material para la elaboración de manualidades, plantas y flores artificiales, portarretratos, marcos y arreglos de centro de mesa ",Toluca
COMERCIO DE PRODUCTOS ESPECIALIZADOS DE ARTÍCULOS USADOS,1,"Establecimiento  dedicado al comercio de artículos usados como: muebles, enseres domésticos, libros, revistas, ropa, calzado y juguetes ",Toluca
COMERCIO DE PRODUCTOS ESPECIALIZADOS DE VIDRIOS Y ESPEJOS,1,Establecimiento dedicado principalmente al comercio de vidrios y espejos  ,Toluca
COMERCIO DE PRODUCTOS ESPECIALIZADOS DE ARTÍCULOS PARA LA LIMPIEZA,1,"Establecimiento dedicado al comercio de trapeadores, escobas, cepillos, cubetas, jergas, bolsas para basura, cloro, desinfectantes, desengrasantes, suavizantes de tela y  aromatizantes ",Toluca
COMERCIO DE PRODUCTOS ESPECIALIZADOS DE INTERMEDIACIÓN EN MEDIOS MASIVOS DE COMUNICACIÓN,1,"Establecimiento dedicado principalmente al comercio al por menor de productos de consumo final con difusión en medios masivos de comunicación como: correo, televisión y radio  Este comercio se caracteriza porque la promoción y venta del producto se realiza de manera impersonal, utilizando un sistema de pago por adelantado o pago contra entrega del producto  ",Toluca
COMERCIO DE PRODUCTOS Y SERVICIOS ESPECIALIZADOS EN ALQUILER DE ROPA,1,"Establecimiento dedicado principalmente a proporcionar el servicio de alquiler de ropa de etiqueta, disfraces y vestuario artístico ",Toluca
COMERCIO DE PRODUCTOS Y SERVICIOS ESPECIALIZADOS EN ALQUILER DE VIDEOCASETES Y DISCOS ORIGINALES ,1,"Establecimiento dedicado principalmente a proporcionar el servicio de alquiler de videocasetes, casetes de juegos de video y discos",Toluca
"ALQUILER DE MESAS, SILLAS, VAJILLAS Y UTENSILIOS ",1,"Establecimiento dedicado principalmente a proporcionar el servicio de alquiler de sillas, mesas, utensilios de cocina, mantelería, lonas y  carpas para eventos sociales ",Toluca
COMERCIO DE PRODUCTOS Y SERVICIOS ESPECIALIZADOS EN ALQUILER DE INSTRUMENTOS MUSICALES,1,Establecimiento dedicado principalmente a proporcionar el servicio de alquiler de instrumentos musicales ,Toluca
COMERCIO DE PRODUCTOS Y SERVICIOS ESPECIALIZADOS EN ALQUILER DE ARTÍCULOS MÉDICOS PARA EL HOGAR,1,"Establecimiento dedicado principalmente a proporcionar el servicio de alquiler de otros artículos para el hogar como: muebles y equipo médico de uso doméstico personal, ejemplo: muletas, camas, sillas de ruedas  y aspiradores  ",Toluca
COMERCIO DE PRODUCTOS Y SERVICIOS ESPECIALIZADOS EN ALQUILER DE EQUIPO DE CÓMPUTO Y DE OTRAS MÁQUINAS Y MOBILIARIO DE OFICINA,1,"Establecimiento dedicado principalmente a proporcionar el servicio de alquiler de equipo de cómputo y de otras máquinas como: máquinas de escribir, calculadoras, cajas registradoras, fotocopiadoras y muebles de oficina ",Toluca
COMERCIO DE PRODUCTOS Y SERVICIOS ESPECIALIZADOS EN ALQUILER DE MAQUINARIA EQUIPO AGROPECUARIO Y PARA LA INDUSTRIA DE LA TRANSFORMACIÓN,1,"Establecimiento dedicado principalmente a proporcionar el servicio de alquiler de maquinaria y equipo para la industrial textil, alimentária, maderera, agrícola y ganadera ",Toluca
COMERCIO DE PRODUCTOS Y SERVICIOS ESPECIALIZADOS EN ALQUILER DE EQUIPO PARA LEVANTAR MOVER Y ACOMODAR MATERIALES,1,"Establecimiento dedicado principalmente a proporcionar el servicio de alquiler de equipo para levantar, mover y acomodar materiales como: C1193",Toluca
COMERCIO DE PRODUCTOS Y SERVICIOS ESPECIALIZADOS EN ALQUILER DE EQUIPO PARA EL COMERCIO Y LOS SERVICIOS,1,"Establecimiento dedicado a proporcionar el servicio de alquiler de equipo para el comercio y los servicios como:  refrigeradores, congeladores, básculas, equipo médico para clínicas y hospitales, equipo fotográfico, cinematográfico, teatral, de comunicaciones, equipo de sonido para fiestas, congresos y convenciones  ",Toluca
COMERCIO DE PRODUCTOS Y SERVICIOS ESPECIALIZADOS EN  DISEÑO Y DECORACIÓN DE INTERIORES,1,"Establecimiento dedicado principalmente a proporcionar el servicio de diseño y decoración de interiores, realizando un presupuesto, cotización y asesoría ",Toluca
COMERCIO DE PRODUCTOS Y SERVICIOS ESPECIALIZADOS EN DISEÑO DE MODAS Y OTROS DISEÑOS ESPECIALIZADOS,1,Establecimiento dedicado a proporcionar el servicio de diseño de modas de ropa y otras prendas de vestir ,Toluca
COMERCIO DE PRODUCTOS Y SERVICIOS ESPECIALIZADOS EN SERVICIOS FOTOGRÁFICOS,1,"Establecimiento dedicado a proporcionar servicios de fotografía como: aérea comercial, de estudio, industrial, publicitaria y por computadora  ",Toluca
COMERCIO DE PRODUCTOS Y SERVICIOS ESPECIALIZADOS EN TRADUCCIÓN E INTERPRETACIÓN,1,"Establecimiento dedicado a proporcionar servicios de traducción e interpretación de manera escrita, oral y por señas ",Toluca
COMERCIO DE PRODUCTOS Y SERVICIOS ESPECIALIZADOS EN PREPARACIÓN DE DOCUMENTOS ESCRITORIO PÚBLICO,1,"Establecimiento dedicado a mecanografiar, capturar y formar textos  ",Toluca
COMERCIO DE PRODUCTOS Y SERVICIOS ESPECIALIZADOS EN FOTOCOPIADO FAX ESCANEO Y PLOTEO,1,Establecimiento dedicado a proporcionar servicios de fotocopiado y fax (envío y recepción de documentación) ,Toluca
COMERCIO DE PRODUCTOS Y SERVICIOS ESPECIALIZADOS EN SERVICIOS DE LIMPIEZA DE INMUEBLES,1,"Establecimiento dedicado principalmente a proporcionar el servicio de limpieza de inmuebles como: limpieza de ventanas, baños, lavado y encerado de pisos  ",Toluca
COMERCIO DE PRODUCTOS Y SERVICIOS ESPECIALIZADOS EN SERVICIOS DE INSTALACIÓN Y MANTENIMIENTO DE ÁREAS VERDES,1,"Establecimiento dedicado principalmente a proporcionar  los servicios de instalación y mantenimiento de jardines como:  plantación, fertilización y poda de árboles, plantas y hierbas en casas, empresas, áreas comerciales e industriales, instalación de adornos y cercas ",Toluca
COMERCIO DE PRODUCTOS Y SERVICIOS ESPECIALIZADOS EN SERVICIOS DE LIMPIEZA DE TAPICERÍA ALFOMBRAS Y MUEBLES,1,"Establecimiento dedicado principalmente a proporcionar el servicio de limpieza de tapicería, alfombras y muebles ",Toluca
COMERCIO DE PRODUCTOS Y SERVICIOS ESPECIALIZADOS EN SERVICIOS DE LIMPIEZA ESPECIALIZADOS,1,"Establecimiento dedicado principalmente a proporcionar el servicio de limpieza de chimeneas, sistemas de ventilación, aire acondicionado y calefacción, cisternas, tinacos, albercas, hornos, incineradores, calentadores de agua y  extractores ",Toluca
ESCUELA DE MANEJO,1,Establecimiento dedicado principalmente a proporcionar el servicio de clases de manejo ,Toluca
COMERCIO DE PRODUCTOS Y SERVICIOS ESPECIALIZADOS EN SERVICIOS DE ENFERMERÍA A DOMICILIO,1,Establecimiento dedicado a proporcionar servicios calificados de enfermería en el domicilio del paciente ,Toluca
COMERCIO DE PRODUCTOS Y SERVICIOS ESPECIALIZADOS EN SERVICIOS DE AMBULANCIAS,1,Establecimiento dedicado a proporcionar el servicio de traslado de enfermos en todo tipo de ambulancias (terrestres o aéreas) ,Toluca
COMERCIO DE PRODUCTOS Y SERVICIOS ESPECIALIZADOS EN REPARACIÓN Y MANTENIMIENTO BICICLETAS,1,Establecimiento dedicado a proporcionar el servicio de reparación y mantenimiento de  bicicletas ,Toluca
REPARACIÓN Y MANTENIMIENTO DE MOTOCICLETAS ,1,Establecimiento dedicado a proporcionar el servicio de reparación y mantenimiento motocicletas ,Toluca
COMERCIO DE PRODUCTOS Y SERVICIOS ESPECIALIZADOS EN REPARACIÓN Y MANTENIMIENTO DE INSTRUMENTOS MUSICALES,1,Establecimiento dedicado a proporcionar el servicio de reparación y mantenimiento a instrumentos musicales ,Toluca
COMERCIO DE PRODUCTOS Y SERVICIOS ESPECIALIZADOS EN REPARACIÓN Y MANTENIMIENTO DE OTROS ARTÍCULOS PARA EL HOGAR Y PERSONALES,1,Establecimiento dedicado a proporcionar el servicio de reparación y mantenimiento a relojes y joyas ,Toluca
COMERCIO DE PRODUCTOS Y SERVICIOS ESPECIALIZADOS EN REPARACIÓN Y MANTENIMIENTO DE JUGUETES,1,Establecimiento dedicado a proporcionar el servicio de reparación y mantenimiento  a juguetes ,Toluca
COMERCIO DE PRODUCTOS Y SERVICIOS ESPECIALIZADOS EN REPARACIÓN Y MANTENIMIENTO DE ARTÍCULOS DE PIEL,1,"Establecimiento dedicado a proporcionar el servicio de reparación y mantenimiento a artículos de piel como: sombreros, carteras, bolsas y cinturones ",Toluca
COMERCIO DE PRODUCTOS Y SERVICIOS ESPECIALIZADOS EN REPARACIÓN Y MANTENIMIENTO DE CALZADO,1,Establecimiento dedicado a proporcionar el servicio de reparación y mantenimiento de calzado ,Toluca
COMERCIO DE PRODUCTOS Y SERVICIOS ESPECIALIZADOS EN REPARACIÓN Y MANTENIMIENTO DE PRÓTESIS,1,Establecimiento dedicado a proporcionar el servicio de reparación y mantenimiento  de prótesis ,Toluca
COMERCIO DE PRODUCTOS Y SERVICIOS ESPECIALIZADOS EN REPARACIÓN Y MANTENIMIENTO DE EQUIPO DE REHABILITACIÓN,1,"Establecimiento dedicado a proporcionar el servicio de reparación y mantenimiento a equipos de rehabilitación como: sillas de ruedas, muletas, andaderas y collarines ",Toluca
COMERCIO DE PRODUCTOS Y SERVICIOS ESPECIALIZADOS EN CERRAJERÍAS,1,Establecimiento dedicado a proporcionar servicios de cerrajería con equipo tradicional para hacer duplicados de llaves y apertura de cerraduras ,Toluca
TINTORERIAS,1,Establecimiento dedicado a proporcionar servicios de lavado exclusivamente en seco y planchado de ropa ,Toluca
COMERCIO DE MATERIALES PARA LA CONSTRUCCIÓN VENTA Y/O RENTA DE EQUIPO EN CASA DE MATERIALES,1,"Establecimiento dedicado principalmente al comercio de cemento, tabique, cal, yeso, asfalto, láminas de cartón, asbesto, acrílico, tabique, grava, piedra dimensionada, tepetate,  bloque, adoquín, teja y productos de concreto prefabricados",Toluca
COMERCIO DE MATERIALES PARA LA CONSTRUCCIÓN VENTA Y/O RENTA DE EQUIPO EN PISOS RECUBRIMIENTOS CERÁMICOS AZULEJOS Y BAÑOS,1,"Establecimiento dedicado principalmente al comercio de productos prefabricados para la construcción como:  pisos, recubrimientos cerámicos, azulejos y baños ",Toluca
COMERCIO DE MATERIALES PARA LA CONSTRUCCIÓN VENTA Y/O RENTA DE EQUIPO EN PINTURAS Y/O IMPERMEABILIZANTES,1,Establecimiento dedicado principalmente al comercio de pinturas y/o impermeabilizantes ,Toluca
COMERCIO DE MATERIALES PARA LA CONSTRUCCIÓN VENTA Y/O RENTA DE EQUIPO EN MATERIALES METÁLICOS,1,"Establecimiento dedicado al comercio  de materiales metálicos para la manufactura y la construcción como:  lingotes, estructuras, perfiles tubulares, láminas de acero galvanizado, tableros, canales, soleras, mallas metálicas, viguetas y aluminio ",Toluca
COMERCIO PARA LA VENTA RENTA DEPÓSITO REPARACIÓN SERVICIO DE VEHÍCULOS Y MAQUINÁRIA DE AUTOMÓVILES Y CAMIONETAS NUEVAS,1,"Establecimientos dedicados unicamente al comercio de   compra, venta y depósito de vehículos automotores e industriales nuevos ",Toluca
"COMERCIO PARA LA VENTA, RENTA, DEPÓSITO, REPARACIÓN, SERVICIO DE VEHÍCULOS Y MAQUINÁRIA DE: AUTOMÓVILES Y CAMIONETAS USADAS ",1,"Establecimiento dedicado unicamente al comercio de compra, venta, renta y depósito de vehículos automotores como: automóviles y camionetas usados  ",Toluca
"PARTES Y REFACCIONES NUEVAS PARA AUTOMÓVILES, CAMIONETAS Y CAMIONES ",1,"Establecimiento dedicado principalmente al comercio de refacciones, partes y accesorios nuevos para automóviles, camionetas y camiones como: alternadores, distribuidores, motores, partes de suspensión y dirección, sistema de frenos, marchas, embragues y partes eléctricas ",Toluca
COMERCIO PARA LA VENTA RENTA DEPÓSITO REPARACIÓN SERVICIO DE VEHÍCULOS Y MAQUINÁRIA DE MOTOCICLETAS Y OTROS VEHÍCULOS DE MOTOR,1,"Establecimiento dedicado principalmente al comercio de motocicletas, bicimotos, motonetas y cuatrimotos ",Toluca
COMERCIO PARA LA VENTA RENTA DEPÓSITO REPARACIÓN SERVICIO DE VEHÍCULOS Y MAQUINÁRIA ACEITES GRASAS LUBRICANTES Y ADITIVOS,1,"Establecimiento dedicado principalmente al comercio de aceites, aditivos, anticongelantes y grasas lubricantes de uso industrial y para vehículos de motor en embase cerrado ",Toluca
CENTRO DE CONSULTORIOS SIN ENCAMADO DE  QUIROPRÁCTICA,1,"Establecimiento dedicado a proporcionar servicios de rehabilitación física mediante la manipulación de las vértebras, prestados por técnicos, personal paramédico y  profesionistas ",Toluca
CENTRO DE CONSULTORIOS SIN ENCAMADO DE OPTOMETRÍA,1,"Establecimiento dedicado a realizar estudios sobre el nivel o la calidad de visión de las personas, prestados por técnicos, otro personal paramédico y profesionistas ",Toluca
CENTRO DE CONSULTORIOS SIN ENCAMADO DE PSICOLOGÍA,1,"Establecimiento dedicado a la atención de aspectos relacionados con el comportamiento humano, prestados por técnicos, otro personal paramédico y  profesionistas ",Toluca
CENTRO DE CONSULTORIOS SIN ENCAMADO DE AUDIOLOGÍA Y DE TERAPIA OCUPACIONAL FÍSICA Y DEL LENGUAJE PERTENECIENTES AL SECTOR PRIVADO,1,"Establecimiento dedicado a proporcionar servicios de terapia ocupacional y para la rehabilitación de personas con problemas físicos, del lenguaje y del oído, prestados por técnicos, personal paramédico y profesionistas ",Toluca
CENTRO DE CONSULTORIOS SIN ENCAMADO DE NUTRIÓLOGOS Y DIETISTAS,1,"Establecimiento dedicado a proporcionar servicios de consulta para determinar racionalmente el régimen alimenticio conveniente para la salud de cada persona, prestados por técnicos, por personal paramédico y por profesionistas ",Toluca
ESCUELA DE ARTISTAS Y TÉCNICOS INDEPENDIENTES,1,"Establecimiento dedicado a la creación y producción, por cuenta propia, de trabajos artísticos y culturales o a proveer la experiencia técnica necesaria para realizar dichos trabajos como: actores, bailarines, magos, acróbatas, pintores, escultores, caricaturistas, diseñadores de vestuario teatral, camarógrafos, coreógrafos, productores, fotógrafos artísticos y locutores  ",Toluca
INSTALACIONES PARA CENTROS DE ACONDICIONAMIENTO FÍSICO,1,"Establecimiento dedicado a proporcionar servicios en instalaciones especializadas en algún deporte como: gimnasia, aeróbics, boxeo, lucha libre y spining ",Toluca
INSTALACIONES PARA ESPACIOS DEPORTIVOS,1,"Establecimiento dedicado a proporcionar el servicio de instalaciones deportivas especializadas en algún deporte como: billar, tenis, squash, fútbol rápido, fútbol siete y boliche ",Toluca
GRUPOS DE ASOCIACIONES Y ORGANIZACIONES CIVILES,1,"Establecimiento dedicado a la promoción y defensa de causas de intereses civiles como: salud, educación, cultura, seguridad de la comunidad, derechos de los colonos, caridad, derechos humanos, protección al medio ambiente y a los animales  ",Toluca
COMUNICACIÓN EN SERVICIOS POSTALES,1,"Establecimiento  dedicado principalmente a proporcionar el servicio tradicional de correo nacional e internacional, consistente en la entrega a domicilio del destinatario, de cartas, sobres y paquetes pequeños ",Toluca
MENSAJERÍA Y PAQUETERÍA FORÁNEA ,1,"Establecimiento dedicado principalmente a la recolección, transporte y  entrega en los plazos mínimos posibles, entre ciudades y áreas metropolitanas, nacionales e internacionales, de documentos y paquetes ",Toluca
COMUNICACIÓN EN MENSAJERÍA Y PAQUETERÍA LOCAL,1,"Establecimiento dedicado principalmente a la recolección, transporte, entrega de documentos y paquetes fácilmente manejables por una sola persona sin necesidad de un equipo especial ",Toluca
SERVICIO DE VETERINARIAS PARA MASCOTAS,1,Establecimiento dedicado unicamente a proporcionar servicios médicos veterinarios para mascotas de pequeñas especies  ,Toluca